LOCATION,TIME,Unemployment,CPI,P/E,Open,High,Low,Close,Industrial Production,Treasury,Crash,Reason
USA,1978-01,6.4,6.837607,8.28,93.82,95.15,88.02,89.25,47.8693,7.956190476,0,
USA,1978-02,6.3,6.42978,8.16,89.93,91.32,86.58,87.04,48.1283,8.033333333,0,
USA,1978-03,6.3,6.554622,8.13,87.19,91.35,86.45,89.21,49.0553,8.035909091,0,
USA,1978-04,6.1,6.5,8.41,88.46,97.91,88.07,96.83,50.026,8.154,0,
USA,1978-05,6,6.965174,8.75,97.67,100.32,94.57,97.24,50.2717,8.345714286,0,
USA,1978-06,5.9,7.413509,8.7,97.35,101.84,94.31,95.53,50.5939,8.462272727,0,
USA,1978-07,6.2,7.704918,8.57,95.09,100.68,93.59,100.68,50.5499,8.64,0,
USA,1978-08,5.9,7.843137,9.07,100.66,105.49,100.18,103.29,50.7622,8.410869565,0,
USA,1978-09,6,8.306189,8.98,103.68,108.05,100.94,102.54,50.8856,8.4165,0,
USA,1978-10,5.8,8.928572,8.51,102.96,106.23,91.65,93.15,51.2821,8.642380952,1,
USA,1978-11,5.9,8.885299,7.84,96.85,97.41,91.77,94.7,51.6737,8.805,0,
USA,1978-12,6,9.017714,7.79,96.28,98.58,92.64,96.11,51.9404,9.0065,0,
USA,1979-01,5.9,9.28,7.88,96.73,102.33,95.22,99.93,51.6507,9.099545455,0,
USA,1979-02,5.9,9.856915,7.57,99.96,100.52,95.38,96.28,51.9097,9.098333333,0,
USA,1979-03,5.8,10.09464,7.53,96.9,103.31,95.98,101.5,52.0667,9.117272727,0,
USA,1979-04,5.8,10.48513,7.55,100.9,103.95,100.14,101.75,51.4548,9.182,0,
USA,1979-05,5.6,10.85271,7.25,101.68,102.57,97.49,99.08,51.9061,9.252380952,0,
USA,1979-06,5.7,10.88957,7.27,99.17,103.67,98.57,102.91,51.9067,8.913809524,0,
USA,1979-07,5.7,11.26332,7.23,101.99,105.17,100.35,103.81,51.8258,8.95,0,
USA,1979-08,6,11.81818,7.45,104.17,109.84,103.14,109.32,51.49,9.029565217,0,
USA,1979-09,5.9,12.18045,7.42,107.22,110.51,105.38,109.32,51.4847,9.334736842,0,
USA,1979-10,6,12.07154,7.11,108.56,111.27,100,101.82,51.8421,10.29909091,1,
USA,1979-11,5.9,12.61128,7.01,102.57,106.81,99.87,106.16,51.7591,10.65315789,0,
USA,1979-12,6,13.29394,7.25,105.83,109.33,105.83,107.94,51.7974,10.386,0,
USA,1980-01,6.3,13.90922,7.39,105.76,115.2,105.22,115.12,52.0677,10.80227273,0,
USA,1980-02,6.3,14.18234,7.61,115.12,118.44,112.35,113.66,52.0899,12.41473684,1,
USA,1980-03,6.3,14.75645,6.85,112.5,112.78,98.22,102.09,51.8687,12.74904762,1,
USA,1980-04,6.9,14.73088,6.79,102.18,106.29,99.8,106.29,50.8454,11.47333333,0,
USA,1980-05,7.5,14.40559,7.15,105.46,112.71,104.72,111.24,49.5947,10.18142857,0,
USA,1980-06,7.6,14.38451,7.67,110.76,117.98,109.77,114.24,48.9621,9.778095238,0,
USA,1980-07,7.8,13.1327,8.07,114.93,123.93,113.54,121.67,48.609,10.24772727,0,
USA,1980-08,7.7,12.87263,8.38,121.21,129.61,119.42,122.38,48.7646,11.10190476,0,
USA,1980-09,7.5,12.60054,8.64,123.74,131.53,121.94,125.46,49.5764,11.50857143,0,
USA,1980-10,7.5,12.76596,8.86,127.13,135.08,125.15,127.47,50.2058,11.75136364,0,
USA,1980-11,7.5,12.64822,9.19,129.04,141.96,127.28,140.52,51.0418,12.68470588,0,
USA,1980-12,7.2,12.5163,9.01,137.21,140.66,125.32,135.76,51.3906,12.84409091,0,
USA,1981-01,7.5,11.82519,9.02,136.34,140.32,128.57,129.55,51.0656,12.56857143,0,
USA,1981-02,7.4,11.40684,8.76,126.91,132.02,124.66,131.27,50.8554,13.19444444,0,
USA,1981-03,7.4,10.48689,9.14,132.01,138.38,128.56,136,51.1107,13.11590909,0,
USA,1981-04,7.2,10,9.13,136.57,137.72,131.58,132.87,50.8864,13.67952381,0,
USA,1981-05,7.5,9.779951,8.86,132.72,134.92,128.78,132.59,51.1788,14.0995,0,
USA,1981-06,7.5,9.5526,8.81,132.41,135.67,128.77,131.21,51.4496,13.47227273,0,
USA,1981-07,7.2,10.76179,8.55,129.77,131.78,125.96,130.92,51.7764,14.28090909,0,
USA,1981-08,7.4,10.80432,8.54,130.48,135.18,122.29,122.79,51.7129,14.93714286,1,
USA,1981-09,7.6,10.95238,7.75,123.02,124.58,110.19,116.18,51.4605,15.32380952,1,
USA,1981-10,7.9,10.14151,7.83,117.08,129.14,115,121.89,51.0625,15.14809524,1,
USA,1981-11,8.3,9.590643,8.02,124.2,126.97,119.13,126.35,50.473,13.39277778,1,
USA,1981-12,8.5,8.922364,8.06,126.1,127.5,121.04,122.55,49.9364,13.72454545,1,
USA,1982-01,8.6,8.390804,7.73,122.74,123.72,113.63,120.4,48.9114,14.594,1,
USA,1982-02,8.9,7.622298,7.64,117.78,119.81,110.03,113.11,49.9102,14.42555556,1,
USA,1982-03,9,6.779661,7.48,113.31,114.8,106.17,111.96,49.5691,13.86130435,1,
USA,1982-04,9.3,6.50954,7.97,113.79,118.59,111.48,116.44,49.1146,13.87190476,1,
USA,1982-05,9.4,6.681514,8.09,116.81,120.55,111.19,111.88,48.7805,13.6225,1,
USA,1982-06,9.6,7.064018,7.74,111.68,113.05,106.33,109.61,48.6606,14.29954545,1,
USA,1982-07,9.8,6.441048,7.83,108.71,113.12,105.12,107.09,48.4863,13.94619048,1,
USA,1982-08,9.8,5.850488,7.97,108.98,120.45,101.44,119.51,48.0569,13.055,0,
USA,1982-09,10.1,5.042919,9.03,118.25,127.31,117.16,120.42,47.9303,12.33904762,0,
USA,1982-10,10.4,5.139186,10.01,121.97,144.38,119.13,133.71,47.4738,10.9065,0,
USA,1982-11,10.8,4.589114,10.67,135.47,144.16,132.09,138.54,47.32,10.55052632,0,
USA,1982-12,10.8,3.829787,11.03,138.72,144.65,133.76,140.64,46.9813,10.54,0,
USA,1983-01,10.4,3.711559,11.48,138.34,149.08,137.3,145.3,47.8523,10.45714286,0,
USA,1983-02,10.4,3.488372,11.75,142.96,151.81,141.95,148.06,47.5667,10.72473684,0,
USA,1983-03,10.3,3.597884,12.23,150.88,156.41,148.05,152.96,47.9599,10.50652174,0,
USA,1983-04,10.2,3.898841,12.64,153.02,165.39,149.46,164.42,48.5564,10.4,0,
USA,1983-05,10.1,3.549061,13.09,162.11,167.7,159.65,162.39,48.8647,10.38,0,
USA,1983-06,10.1,2.57732,13.22,162.55,172.76,159.97,168.11,49.1558,10.84863636,0,
USA,1983-07,9.4,2.461539,13.02,168.91,171.65,160.64,162.56,49.8873,11.377,0,
USA,1983-08,9.5,2.558854,12.43,162.04,166.65,157.62,164.04,50.4843,11.84608696,0,
USA,1983-09,9.2,2.860061,12.57,164.23,171.59,161.71,166.07,51.216,11.65380952,0,
USA,1983-10,8.8,2.851324,12.38,165.8,173.1,161.99,163.55,51.6139,11.541,0,
USA,1983-11,8.5,3.265306,11.98,163.64,169.06,160.6,166.4,51.842,11.69,0,
USA,1983-12,8.3,3.790984,11.72,166.49,167.85,160.61,164.93,52.0948,11.82952381,0,
USA,1984-01,8,4.192229,11.52,164.04,169.52,162.03,163.41,53.1348,11.67428571,1,
USA,1984-02,7.8,4.596527,10.59,162.74,164,152.13,157.06,53.3763,11.84210526,1,
USA,1984-03,7.8,4.800817,10.31,158.19,160.46,153.17,159.18,53.6314,12.31909091,0,
USA,1984-04,7.7,4.563895,10.12,157.98,169.59,154.12,160.05,53.9491,12.6335,0,
USA,1984-05,7.4,4.233871,9.86,161.68,162.11,148.68,150.55,54.2396,13.40863636,1,
USA,1984-06,7.2,4.221106,9.45,153.24,155.64,148.53,153.18,54.4288,13.56285714,0,
USA,1984-07,7.5,4.204204,9.26,153.2,158.58,147.26,150.66,54.5865,13.36238095,0,
USA,1984-08,7.5,4.291417,10,154.08,168.8,150.66,166.68,54.653,12.71608696,0,
USA,1984-09,7.3,4.270109,10.03,164.88,169.65,163.84,166.1,54.4949,12.52263158,0,
USA,1984-10,7.4,4.257426,9.94,164.62,169.62,160.02,166.09,54.4772,12.16045455,0,
USA,1984-11,7.2,4.051383,10.01,167.49,170.41,163.08,163.58,54.6594,11.57263158,0,
USA,1984-12,7.3,3.948667,9.89,162.82,169.24,161.44,167.24,54.6892,11.4995,0,
USA,1985-01,7.3,3.532875,10.36,165.37,180.27,163.43,179.63,54.6505,11.38428571,0,
USA,1985-02,7.2,3.515625,10.98,178.63,183.91,177.85,181.18,54.8169,11.50888889,0,
USA,1985-03,7.2,3.703704,10.95,183.23,183.86,176.53,180.66,54.8978,11.8552381,0,
USA,1985-04,7.3,3.685742,11.2,181.27,183.56,177.91,179.83,54.7833,11.4347619,0,
USA,1985-05,7.2,3.77176,11.65,178.37,189.97,178.39,189.55,54.8704,10.84681818,0,
USA,1985-06,7.4,3.760849,12.1,189.32,191.85,185.08,191.85,54.8401,10.156,0,
USA,1985-07,7.4,3.554275,12.43,192.43,196.03,189.31,190.92,54.5582,10.30681818,0,
USA,1985-08,7.1,3.349282,12.26,192.11,192.11,186.1,188.63,54.7381,10.33181818,0,
USA,1985-09,7.1,3.142857,12.09,187.91,188.75,179.54,182.08,54.9416,10.37315789,0,
USA,1985-10,7.1,3.22887,12.39,185.07,190.95,181.25,189.82,54.7538,10.23681818,0,
USA,1985-11,7,3.51377,13.33,191.53,203.3,189.41,202.17,54.939,9.781578947,0,
USA,1985-12,7,3.798671,14.19,200.46,213.02,200.11,211.28,55.4945,9.259047619,0,
USA,1986-01,6.7,3.886256,14.28,209.59,214.47,202.63,211.78,55.7802,9.193809524,0,
USA,1986-02,7.2,3.113208,15.08,213.96,227.92,210.92,226.92,55.3994,8.704210526,0,
USA,1986-03,7.2,2.255639,16,225.42,240.1,222.22,238.9,55.0001,7.7785,0,
USA,1986-04,7.1,1.590271,16.32,235.14,245.42,226.38,235.52,55.0641,7.299090909,0,
USA,1986-05,7.2,1.491146,16.28,235.16,249.1,232.26,247.35,55.1705,7.70952381,0,
USA,1986-06,7.2,1.765799,16.68,245.04,251.72,238.33,250.84,54.9588,7.79952381,0,
USA,1986-07,7,1.576994,16.28,252.04,253.2,233.09,236.12,55.2944,7.303181818,0,
USA,1986-08,6.9,1.574074,16.55,234.91,254.18,232.25,252.93,55.2029,7.165714286,0,
USA,1986-09,7,1.754386,16.05,248.52,254.1,228.16,231.32,55.3511,7.447619048,0,
USA,1986-10,7,1.471941,16.12,233.6,244.48,231.35,243.98,55.5857,7.426363636,0,
USA,1986-11,6.9,1.284404,16.78,245.8,249.22,235.54,249.22,55.803,7.250555556,0,
USA,1986-12,6.6,1.097896,17.17,249.05,254.85,241.28,242.17,56.3441,7.112727273,0,
USA,1987-01,6.6,1.459854,18.01,246.45,280.96,242.17,274.08,56.1259,7.0845,0,
USA,1987-02,6.6,2.1043,18.86,276.45,287.55,273.16,284.2,56.8779,7.250526316,0,
USA,1987-03,6.6,3.033088,19.37,283,302.72,282.3,291.7,56.9516,7.248636364,0,
USA,1987-04,6.3,3.775322,19.45,292.39,303.65,275.67,288.36,57.3177,8.022857143,0,
USA,1987-05,6.3,3.856749,19.74,288.03,298.69,277.01,290.1,57.6774,8.613,0,
USA,1987-06,6.2,3.652968,20.9,289.83,310.27,286.93,304,57.9875,8.402272727,0,
USA,1987-07,6.1,3.926941,20.81,302.94,318.85,302.53,318.66,58.379,8.446818182,0,
USA,1987-08,6,4.284412,21.42,317.57,337.89,314.51,329.8,58.8171,8.76047619,0,
USA,1987-09,5.9,4.355717,20.09,323.4,332.18,308.56,321.83,59.0391,9.421904762,1,
USA,1987-10,6,4.533092,17.08,327.33,328.94,221.39,251.79,59.834,9.52,1,
USA,1987-11,5.8,4.528986,14.45,255.75,257.21,225.78,230.3,60.1367,8.860526316,1,
USA,1987-12,5.7,4.434389,13.77,232,253.35,221.24,247.08,60.4739,8.987727273,0,
USA,1988-01,5.7,4.046762,14.02,255.94,261.78,240.17,257.07,60.4594,8.665789474,0,
USA,1988-02,5.7,3.942652,14.16,255.04,267.82,247.82,267.82,60.7643,8.212,0,
USA,1988-03,5.7,3.925067,14.29,267.22,272.64,256.07,258.89,60.8948,8.373478261,0,
USA,1988-04,5.4,3.90417,13.39,256.09,272.05,254.71,261.33,61.2475,8.7185,0,
USA,1988-05,5.6,3.890363,12.41,261.56,263.7,248.85,262.16,61.1353,9.089047619,0,
USA,1988-06,5.4,3.964758,12.49,266.69,276.88,262.1,273.5,61.2995,8.921363636,0,
USA,1988-07,5.4,4.130053,12.22,271.78,276.36,262.48,272.02,61.311,9.056,0,
USA,1988-08,5.6,4.020979,11.78,272.21,274.2,256.53,261.52,61.6234,9.260434783,0,
USA,1988-09,5.4,4.173913,11.79,258.35,274.87,256.98,271.91,61.4255,8.977142857,0,
USA,1988-10,5.4,4.249783,12.02,271.38,283.95,268.84,278.97,61.694,8.7955,0,
USA,1988-11,5.3,4.2461,11.57,279.06,280.37,262.85,273.7,61.8494,8.9625,0,
USA,1988-12,5.3,4.419411,11.64,272.49,280.45,270.47,277.72,62.1171,9.105714286,0,
USA,1989-01,5.4,4.667243,11.82,275.31,297.51,273.81,297.47,62.3103,9.0915,0,
USA,1989-02,5.2,4.827586,11.97,297.09,300.57,286.26,288.86,62.0353,9.168947368,0,
USA,1989-03,5,4.978541,11.73,287.11,299.99,286.46,294.87,62.195,9.357727273,0,
USA,1989-04,5.2,5.123826,12.07,296.39,310.45,294.35,309.64,62.1753,9.1755,0,
USA,1989-05,5.2,5.361702,12.49,309.12,323.06,304.06,320.52,61.8321,8.859090909,0,
USA,1989-06,5.3,5.169491,12.84,321.97,329.19,314.38,317.98,61.8246,8.277272727,0,
USA,1989-07,5.2,4.978903,13.43,319.23,346.08,317.26,346.08,61.2285,8.0185,0,
USA,1989-08,5.2,4.705883,14.32,343.75,352.73,339,351.45,61.8334,8.112608696,0,
USA,1989-09,5.3,4.340568,14.66,353.73,354.13,341.37,349.15,61.6221,8.1905,0,
USA,1989-10,5.3,4.492513,14.84,350.87,360.44,327.12,340.36,61.5537,8.007619048,0,
USA,1989-11,5.4,4.655029,14.7,341.2,346.5,330.91,345.99,61.7575,7.874285714,0,
USA,1989-12,5.4,4.647303,15.24,350.63,354.1,339.63,353.4,62.1111,7.836,0,
USA,1990-01,5.4,5.202312,15.13,359.69,360.59,319.83,329.08,61.7781,8.206666667,0,
USA,1990-02,5.3,5.263158,14.97,328.79,336.09,322.1,331.89,62.3426,8.473157895,0,
USA,1990-03,5.2,5.233034,15.62,332.74,344.49,331.08,339.94,62.6446,8.588636364,0,
USA,1990-04,5.4,4.711617,15.7,338.7,347.3,327.76,330.8,62.5104,8.7855,0,
USA,1990-05,5.4,4.361874,16.37,332.25,362.26,330.8,361.23,62.6898,8.758181818,0,
USA,1990-06,5.2,4.67365,16.95,363.16,368.78,351.23,358.02,62.8923,8.48,0,
USA,1990-07,5.5,4.823151,16.81,359.54,369.78,350.09,356.15,62.7933,8.471428571,1,
USA,1990-08,5.7,5.617978,15.33,355.52,357.35,306.18,322.56,63.0241,8.752608696,1,
USA,1990-09,5.9,6.16,14.51,323.09,326.53,295.98,306.05,63.0328,8.893157895,1,
USA,1990-10,5.9,6.289809,14.21,314.94,319.69,294.51,304,62.6466,8.719545455,1,
USA,1990-11,6.2,6.274821,14.68,307.02,323.02,301.61,322.22,61.8681,8.392,0,
USA,1990-12,6.3,6.106265,15.41,324.1,333.98,321.97,330.22,61.4345,8.075,0,
USA,1991-01,6.4,5.651491,15.35,326.45,343.93,309.35,343.93,61.2241,8.091904762,0,
USA,1991-02,6.6,5.3125,17.19,343.05,370.96,340.37,367.07,60.779,7.854736842,0,
USA,1991-03,6.8,4.895105,17.78,370.47,379.66,363.73,375.22,60.4377,8.11,0,
USA,1991-04,6.7,4.88751,18.58,371.3,391.26,370.27,375.35,60.5982,8.039090909,0,
USA,1991-05,6.9,4.95356,18.98,380.29,389.85,365.83,389.83,61.2041,8.067727273,0,
USA,1991-06,6.9,4.69592,19.49,388.06,389.83,367.98,371.16,61.6923,8.284,0,
USA,1991-07,6.8,4.447853,20.14,377.92,387.81,370.92,387.81,61.8569,8.272727273,0,
USA,1991-08,6.9,3.799392,21.22,387.12,396.82,374.09,395.43,61.8681,7.9,0,
USA,1991-09,6.9,3.391108,21.73,392.15,397.62,382.77,387.86,62.3855,7.65,0,
USA,1991-10,7,2.921348,22.49,389.2,393.81,376.11,392.46,62.3229,7.527272727,0,
USA,1991-11,7,2.989537,23.27,391.32,398.22,371.63,375.22,62.2427,7.417368421,0,
USA,1991-12,7.3,3.064275,24.33,381.4,418.32,371.36,417.09,61.9705,7.088571429,0,
USA,1992-01,7.3,2.600297,25.93,417.26,421.18,408.64,408.79,61.6471,7.032380952,0,
USA,1992-02,7.4,2.818991,25.6,409.53,418.08,406.34,412.7,62.0794,7.337894737,0,
USA,1992-03,7.4,3.185185,25.16,412.45,413.78,401.94,403.69,62.5955,7.542272727,0,
USA,1992-04,7.4,3.180473,24.73,404.23,416.28,392.41,414.95,63.0726,7.48047619,0,
USA,1992-05,7.6,3.023599,24.75,412.53,418.75,409.85,415.35,63.2761,7.392,0,
USA,1992-06,7.8,3.088235,23.95,417.3,417.3,399.92,408.14,63.3102,7.261818182,0,
USA,1992-07,7.7,3.157122,23.88,412.88,424.8,407.2,424.21,63.8769,6.844545455,0,
USA,1992-08,7.6,3.147877,23.6,425.09,425.14,408.3,414.03,63.5221,6.585714286,0,
USA,1992-09,7.6,2.988338,23.2,416.07,425.27,412.71,417.8,63.7217,6.415238095,0,
USA,1992-10,7.3,3.202329,22.43,416.29,421.16,396.8,418.68,64.1556,6.589047619,0,
USA,1992-11,7.4,3.047895,22.56,422.75,431.93,415.58,431.35,64.4144,6.873157895,0,
USA,1992-12,7.4,2.900653,22.82,430.78,442.65,428.61,435.71,64.5161,6.77,0,
USA,1993-01,7.3,3.258508,22.5,435.38,442.66,426.88,438.78,64.7738,6.6,0,
USA,1993-02,7.1,3.246753,22.55,442.52,450.04,428.25,443.38,65.0805,6.258947368,0,
USA,1993-03,7,3.086863,22.69,442.01,456.76,441.07,451.67,65.0176,5.975217391,0,
USA,1993-04,7.1,3.225806,22.53,450.3,452.63,432.3,440.19,65.2041,5.96952381,0,
USA,1993-05,7.1,3.221188,22.83,442.46,454.55,436.86,450.19,64.9433,6.0355,0,
USA,1993-06,7,2.99572,23.18,453.83,455.63,442.5,450.53,65.0984,5.962727273,0,
USA,1993-07,6.9,2.775801,22.72,449.02,451.15,441.4,448.13,65.2554,5.805238095,0,
USA,1993-08,6.8,2.76792,22.65,450.15,463.56,446.94,463.56,65.1946,5.677727273,0,
USA,1993-09,6.7,2.689313,22.5,463.15,463.8,449.64,458.93,65.5282,5.36,0,
USA,1993-10,6.8,2.750353,22.19,461.29,471.1,456.4,467.83,66.0152,5.334,0,
USA,1993-11,6.6,2.676056,21.63,469.1,469.11,454.36,461.79,66.3292,5.724,0,
USA,1993-12,6.5,2.748414,21.29,461.89,471.29,461.45,466.45,66.7038,5.774090909,0,
USA,1994-01,6.6,2.524544,21.34,465.44,482.85,464.36,481.61,66.9164,5.7505,0,
USA,1994-02,6.6,2.515723,21.02,479.62,482.23,464.26,467.14,66.9642,5.973157895,1,
USA,1994-03,6.5,2.506964,20.42,464.44,471.09,436.16,445.77,67.6335,6.482608696,1,
USA,1994-04,6.4,2.361111,19,438.92,452.79,435.86,450.91,68.0334,6.972105263,0,
USA,1994-05,6.1,2.288488,18.5,453.02,457.77,440.78,456.5,68.3531,7.183333333,0,
USA,1994-06,6.1,2.493075,18.05,457.63,463.23,439.83,444.27,68.8002,7.101363636,0,
USA,1994-07,6.1,2.770083,17.42,446.2,459.33,443.58,458.26,68.8863,7.298,0,
USA,1994-08,6,2.900553,17.44,461.01,477.59,456.08,475.49,69.3412,7.236086957,0,
USA,1994-09,5.9,2.963474,17.09,473.17,475.49,458.47,462.69,69.5574,7.457142857,0,
USA,1994-10,5.8,2.608099,16.32,461.74,474.74,449.27,472.35,70.119,7.744,0,
USA,1994-11,5.6,2.674897,15.62,468.42,472.35,444.18,453.69,70.5942,7.955,0,
USA,1994-12,5.5,2.674897,14.88,448.92,462.73,442.88,459.27,71.2814,7.813809524,0,
USA,1995-01,5.6,2.804378,14.89,459.11,471.36,457.2,470.42,71.4303,7.7795,0,
USA,1995-02,5.4,2.862986,15.11,470.4,489.19,469.29,487.39,71.3343,7.469473684,0,
USA,1995-03,5.4,2.853261,15.15,485.65,508.15,479.7,500.71,71.4451,7.204782609,0,
USA,1995-04,5.8,3.052917,15.31,501.85,515.29,500.2,514.71,71.3289,7.062631579,0,
USA,1995-05,5.6,3.186441,15.5,514.26,533.41,513.03,533.4,71.66,6.632727273,0,
USA,1995-06,5.6,3.04054,15.67,533.49,551.07,526,544.75,71.8967,6.168181818,0,
USA,1995-07,5.7,2.762803,16.07,547.09,565.4,542.51,562.06,71.5924,6.278,0,
USA,1995-08,5.7,2.61745,16.01,559.64,565.62,553.04,561.88,72.5339,6.48826087,0,
USA,1995-09,5.6,2.543507,16.45,563.84,587.61,561.01,584.41,72.8247,6.1975,0,
USA,1995-10,5.5,2.809365,16.76,581.72,590.66,571.55,581.5,72.713,6.044761905,0,
USA,1995-11,5.6,2.60521,17.33,584.22,608.69,581.04,605.37,72.8884,5.93047619,0,
USA,1995-12,5.6,2.53841,18.1,606.98,622.88,605.05,615.93,73.1429,5.7115,0,
USA,1996-01,5.6,2.727878,18.08,620.73,636.18,597.29,636.02,72.7471,5.652380952,0,
USA,1996-02,5.5,2.650762,19.1,638.46,664.23,633.71,640.43,73.7871,5.8055,0,
USA,1996-03,5.5,2.840158,19.01,644.37,656.97,627.63,645.5,73.6749,6.268571429,0,
USA,1996-04,5.6,2.896642,18.85,653.73,656.68,624.14,654.17,74.4153,6.511363636,0,
USA,1996-05,5.6,2.890933,19.1,654.58,681.1,630.07,669.12,74.9718,6.736818182,0,
USA,1996-06,5.3,2.754098,19.15,667.68,680.32,658.75,670.63,75.5317,6.912,0,
USA,1996-07,5.5,2.95082,18.26,675.88,675.88,605.88,639.95,75.5323,6.865454545,0,
USA,1996-08,5.1,2.877698,18.6,650.02,670.68,639.49,651.99,75.9129,6.635454545,0,
USA,1996-09,5.2,3.002611,18.75,654.72,690.88,643.97,687.31,76.4032,6.832,0,
USA,1996-10,5.2,2.992843,19,689.08,714.1,684.44,705.27,76.3931,6.533636364,0,
USA,1996-11,5.4,3.255208,19.45,703.77,762.12,701.3,757.02,77.0672,6.203684211,0,
USA,1996-12,5.4,3.322476,19.19,756.56,761.75,716.69,740.74,77.5543,6.302380952,0,
USA,1997-01,5.3,3.044041,19.53,737.01,794.67,729.55,786.16,77.6945,6.579047619,0,
USA,1997-02,5.2,3.034216,20.09,786.73,817.68,773.43,790.82,78.612,6.419473684,0,
USA,1997-03,5.2,2.761721,19.69,795.31,814.9,756.13,757.12,79.1021,6.6945,0,
USA,1997-04,5.1,2.495202,18.94,759.64,804.13,733.54,801.34,79.1683,6.885454545,0,
USA,1997-05,4.9,2.234994,20.6,798.53,851.87,793.21,848.28,79.6084,6.710952381,0,
USA,1997-06,5,2.297384,21.61,846.36,902.09,838.82,885.14,79.9802,6.493809524,0,
USA,1997-07,4.9,2.229299,22.8,891.03,957.73,884.54,954.29,80.6492,6.220454545,0,
USA,1997-08,4.8,2.225048,22.83,947.14,964.17,893.34,899.47,81.4548,6.298571429,0,
USA,1997-09,4.9,2.154626,23.06,927.58,960.59,899.47,947.28,82.212,6.208571429,0,
USA,1997-10,4.7,2.084649,23.58,955.41,983.12,855.27,914.62,82.9309,6.029545455,0,
USA,1997-11,4.6,1.828499,23.46,938.99,964.55,900.61,955.4,83.5919,5.875,0,
USA,1997-12,4.7,1.702396,24.23,974.78,986.25,924.92,970.43,83.9696,5.808636364,0,
USA,1998-01,4.6,1.571339,24.29,975.04,992.65,912.83,980.28,84.3467,5.5445,0,
USA,1998-02,4.6,1.441103,25.85,1001.27,1051.66,980.28,1049.34,84.4865,5.574736842,0,
USA,1998-03,4.7,1.375,27.23,1047.7,1113.07,1030.87,1101.75,84.5212,5.647272727,0,
USA,1998-04,4.3,1.435705,28.26,1108.15,1132.98,1076.7,1111.75,84.8275,5.637619048,0,
USA,1998-05,4.4,1.686446,28.3,1121,1130.52,1074.39,1090.82,85.3596,5.6525,0,
USA,1998-06,4.5,1.684342,28.44,1090.98,1145.15,1074.67,1133.84,84.8466,5.496363636,0,
USA,1998-07,4.5,1.682243,29.9,1148.56,1190.58,1114.3,1120.67,84.5061,5.461363636,1,
USA,1998-08,4.5,1.616915,28,1112.44,1121.79,957.28,957.28,86.2464,5.341904762,1,
USA,1998-09,4.6,1.488834,26.8,994.26,1066.11,939.98,1017.01,86.1707,4.806666667,0,
USA,1998-10,4.5,1.485149,27.2,986.39,1103.78,923.32,1098.67,86.7671,4.53,0,
USA,1998-11,4.4,1.547988,30.25,1111.6,1192.97,1098.67,1163.63,86.6929,4.827368421,0,
USA,1998-12,4.4,1.611903,31.56,1175.28,1244.93,1136.89,1229.23,87.0633,4.645,0,
USA,1999-01,4.3,1.670792,32.92,1228.1,1280.37,1205.46,1279.64,87.4252,4.722105263,0,
USA,1999-02,4.4,1.60593,32.67,1273,1283.84,1211.89,1238.33,87.926,4.998947368,0,
USA,1999-03,4.2,1.726264,33.39,1236.16,1323.82,1216.03,1286.37,88.1101,5.232608696,0,
USA,1999-04,4.3,2.276923,34,1293.72,1371.56,1282.56,1335.18,88.3106,5.184545455,0,
USA,1999-05,4.2,2.088452,33.19,1354.63,1375.98,1277.31,1301.84,88.8487,5.5395,0,
USA,1999-06,4.3,1.96319,32.24,1294.26,1372.93,1277.47,1372.71,88.7978,5.899545455,0,
USA,1999-07,4.3,2.144608,32.88,1380.96,1420.33,1328.49,1328.72,89.3119,5.791904762,0,
USA,1999-08,4.2,2.264382,30.89,1328.05,1382.84,1267.73,1320.41,89.7109,5.939090909,0,
USA,1999-09,4.2,2.628362,29.99,1331.07,1361.35,1256.26,1282.71,89.3331,5.915238095,0,
USA,1999-10,4.1,2.560976,28.66,1282.81,1373.17,1233.7,1362.93,90.4924,6.112,0,
USA,1999-11,4.1,2.621951,29.74,1354.12,1425.31,1346.41,1388.91,90.965,6.034,0,
USA,1999-12,4,2.684564,29.66,1397.72,1473.13,1387.48,1469.25,91.6804,6.275454545,0,
USA,2000-01,4,2.738892,29.04,1455.22,1478,1350.14,1394.46,91.6261,6.661,0,
USA,2000-02,4.1,3.221884,27.76,1409.28,1444.38,1325.02,1366.42,91.9626,6.5195,0,
USA,2000-03,4,3.757576,28.31,1379.19,1553.11,1346.5,1498.58,92.3118,6.256521739,0,
USA,2000-04,3.8,3.068592,28.5,1505.97,1527.11,1339.4,1452.43,92.8872,5.990526316,0,
USA,2000-05,4,3.188929,27.49,1468.25,1481.43,1361.2,1420.6,93.162,6.440454545,0,
USA,2000-06,4,3.730445,28.16,1448.81,1488.98,1420.6,1454.6,93.2168,6.097272727,0,
USA,2000-07,4,3.659268,28.05,1469.54,1517.24,1414.16,1430.83,93.04,6.054,0,
USA,2000-08,4.1,3.411131,27.97,1438.1,1525.3,1426.05,1517.68,92.79,5.826086957,0,
USA,2000-09,3.9,3.454437,27.34,1520.77,1530.01,1419.54,1436.51,93.1547,5.799,1,
USA,2000-10,3.9,3.448276,26.5,1436.23,1454.82,1305.79,1429.4,92.8361,5.738571429,1,
USA,2000-11,3.9,3.446227,26.9,1421.22,1438.46,1294.9,1314.95,92.8395,5.717142857,1,
USA,2000-12,3.9,3.386809,26.62,1315.23,1389.05,1254.07,1320.28,92.5334,5.2405,1,
USA,2001-01,4.2,3.732228,27.55,1283.27,1383.37,1274.62,1366.01,92.0304,5.160952381,1,
USA,2001-02,4.2,3.533569,27.81,1373.47,1376.38,1215.44,1239.94,91.4079,5.098947368,1,
USA,2001-03,4.3,2.920561,26.1,1241.23,1267.42,1081.19,1160.33,91.1751,4.885454545,1,
USA,2001-04,4.4,3.269119,27.96,1145.87,1269.3,1091.99,1249.46,90.8767,5.141,1,
USA,2001-05,4.3,3.61516,32.02,1266.44,1315.93,1232,1255.82,90.375,5.391363636,1,
USA,2001-06,4.5,3.24826,33.67,1260.67,1286.62,1203.03,1224.42,89.8626,5.284285714,1,
USA,2001-07,4.6,2.719908,35.46,1236.71,1239.78,1165.54,1211.23,89.3288,5.236190476,1,
USA,2001-08,4.9,2.719908,37.85,1215.93,1226.27,1124.87,1133.59,89.2201,4.971304348,1,
USA,2001-09,5,2.648244,36.9,1132.94,1155.4,944.75,1040.94,88.7478,4.731764706,1,
USA,2001-10,5.3,2.126437,39.72,1038.55,1110.61,1026.76,1059.78,88.4755,4.566818182,1,
USA,2001-11,5.5,1.895462,43.62,1084.1,1163.38,1054.31,1139.45,87.9631,4.6515,1,
USA,2001-12,5.7,1.551724,46.37,1129.9,1173.62,1114.5,1148.08,87.9329,5.0875,1,
USA,2002-01,5.7,1.142204,46.17,1154.67,1176.97,1081.66,1130.2,88.5452,5.035714286,1,
USA,2002-02,5.7,1.137656,44.57,1122.2,1130.2,1074.36,1106.73,88.5362,4.911578947,1,
USA,2002-03,5.7,1.475596,46.71,1131.78,1173.89,1106.73,1147.39,89.2097,5.284,1,
USA,2002-04,5.9,1.639344,43.81,1146.54,1147.75,1063.56,1076.92,89.6389,5.210909091,1,
USA,2002-05,5.8,1.181767,41.41,1086.46,1106.59,1049.06,1067.14,90.0271,5.164545455,1,
USA,2002-06,5.8,1.067416,37.92,1040.68,1070.66,953.08,989.81,90.7645,4.9265,1,
USA,2002-07,5.8,1.464789,32.46,968.65,994.35,775.96,911.62,90.7437,4.653181818,1,
USA,2002-08,5.7,1.802817,31.53,884.66,964.84,833.44,916.07,90.6268,4.257272727,1,
USA,2002-09,5.7,1.514302,28.89,878.02,923.98,800.26,815.28,90.7241,3.87,0,
USA,2002-10,5.7,2.025886,29.24,847.91,907.51,768.67,885.76,90.4879,3.940909091,0,
USA,2002-11,5.9,2.198422,32.03,900.96,941.76,872.16,936.31,90.9823,4.048421053,0,
USA,2002-12,6,2.37691,32.59,934.53,954.32,869.43,879.82,90.4919,4.032380952,1,
USA,2003-01,5.8,2.597403,31.43,909.03,935.06,840.28,855.7,91.2395,4.048571429,1,
USA,2003-02,5.9,2.980877,28.46,860.32,864.67,806.32,841.15,91.3384,3.902631579,1,
USA,2003-03,5.9,3.020134,27.92,834.81,895.89,788.94,848.18,91.069,3.807142857,0,
USA,2003-04,6,2.224694,28.05,858.48,924.24,847.95,916.92,90.4913,3.958571429,0,
USA,2003-05,6.1,2.057842,28.24,916.3,965.11,903.17,963.59,90.4697,3.569047619,0,
USA,2003-06,6.3,2.112285,28.6,967,1015.26,963.59,974.5,90.5899,3.334285714,0,
USA,2003-07,6.2,2.109939,27.65,982.32,1015.36,962.13,990.31,91.0614,3.975454545,0,
USA,2003-08,6.1,2.158273,26.57,980.15,1011.01,960.84,1008.01,90.8452,4.445238095,0,
USA,2003-09,6.1,2.320442,26.42,1021.99,1040.29,990.36,995.97,91.4453,4.274285714,0,
USA,2003-10,6,2.040816,24.75,1018.22,1053.79,995.97,1050.71,91.5595,4.290454545,0,
USA,2003-11,5.8,1.76503,23.15,1059.02,1063.65,1031.2,1058.2,92.1763,4.3,0,
USA,2003-12,5.7,1.879491,22.17,1070.12,1112.56,1053.41,1111.92,92.2532,4.267727273,0,
USA,2004-01,5.7,1.926252,22.73,1108.48,1155.38,1105.08,1131.13,92.4067,4.1505,0,
USA,2004-02,5.6,1.693064,22.46,1135.26,1158.98,1124.44,1144.94,92.9687,4.084210526,0,
USA,2004-03,5.8,1.737242,21.61,1155.96,1163.23,1087.06,1126.21,92.6,3.826521739,0,
USA,2004-04,5.6,2.285093,21.23,1132.17,1150.57,1107.23,1107.3,92.9761,4.347619048,0,
USA,2004-05,5.6,3.051771,20.14,1117.49,1127.74,1076.32,1120.68,93.6446,4.7155,0,
USA,2004-06,5.6,3.266195,20.17,1121.2,1146.34,1113.32,1140.84,92.9303,4.733809524,0,
USA,2004-07,5.5,2.990756,19.51,1128.94,1140.84,1078.78,1101.72,93.6109,4.498095238,0,
USA,2004-08,5.4,2.654388,19.03,1106.62,1109.68,1062.23,1104.24,93.6958,4.281363636,0,
USA,2004-09,5.4,2.537797,19.35,1105.91,1131.54,1099.11,1114.58,93.7958,4.125714286,0,
USA,2004-10,5.5,3.189189,19.25,1131.5,1142.05,1090.19,1130.2,94.6226,4.097,0,
USA,2004-11,5.4,3.523035,20.05,1130.51,1188.46,1127.53,1173.82,94.8491,4.194,0,
USA,2004-12,5.4,3.255562,20.48,1191.37,1217.33,1173.76,1211.92,95.5841,4.230909091,0,
USA,2005-01,5.3,2.969762,19.99,1202.08,1217.9,1163.75,1181.27,95.9285,4.2215,0,
USA,2005-02,5.4,3.007519,20.11,1189.41,1212.44,1180.95,1203.6,96.6287,4.165263158,0,
USA,2005-03,5.2,3.148346,19.84,1210.41,1229.11,1163.69,1180.59,96.4907,4.497727273,0,
USA,2005-04,5.2,3.510638,19.02,1172.92,1191.88,1136.15,1156.85,96.6809,4.340952381,0,
USA,2005-05,5.1,2.80275,18.93,1162.16,1199.56,1146.18,1191.5,96.7925,4.144285714,0,
USA,2005-06,5,2.530311,19,1202.27,1219.59,1188.3,1191.33,97.19,3.998181818,0,
USA,2005-07,5,3.167899,19,1194.44,1245.15,1183.55,1234.18,96.8981,4.1775,0,
USA,2005-08,4.9,3.641161,18.72,1235.35,1245.86,1201.07,1220.33,97.2223,4.262608696,0,
USA,2005-09,5,4.686677,18.44,1221.59,1243.13,1205.35,1228.81,95.3463,4.199047619,0,
USA,2005-10,5,4.347826,17.64,1226.7,1233.34,1168.2,1207.01,96.4981,4.4635,0,
USA,2005-11,5,3.455497,18.01,1202.76,1270.64,1201.07,1249.48,97.5646,4.535,0,
USA,2005-12,4.9,3.415659,18.07,1264.67,1275.8,1246.59,1248.29,98.0222,4.467142857,0,
USA,2006-01,4.7,3.985317,18.07,1268.8,1294.9,1245.74,1280.08,98.2044,4.416,0,
USA,2006-02,4.8,3.597497,17.8,1282.46,1297.57,1253.61,1280.66,98.2404,4.568947368,0,
USA,2006-03,4.7,3.362649,17.8,1291.24,1310.88,1268.42,1294.83,98.4742,4.723913043,0,
USA,2006-04,4.7,3.545735,17.77,1297.81,1318.16,1280.74,1310.61,98.7765,4.990526316,0,
USA,2006-05,4.6,4.166667,17.46,1305.19,1326.7,1245.34,1270.09,98.7884,5.11,0,
USA,2006-06,4.6,4.318766,16.82,1285.71,1290.68,1219.29,1270.2,99.1069,5.106363636,0,
USA,2006-07,4.7,4.145343,16.61,1280.19,1280.42,1224.54,1276.66,99.0357,5.0875,0,
USA,2006-08,4.7,3.818737,16.67,1270.92,1306.74,1261.3,1303.82,99.4583,4.876521739,0,
USA,2006-09,4.5,2.062374,16.77,1311.01,1340.28,1290.93,1335.85,99.2544,4.719,0,
USA,2006-10,4.4,1.305221,17.14,1331.32,1389.45,1327.1,1377.94,99.1514,4.729047619,0,
USA,2006-11,4.5,1.973684,17.24,1367.81,1407.89,1360.98,1400.63,99.0974,4.595238095,0,
USA,2006-12,4.4,2.54065,17.38,1396.71,1431.81,1385.93,1418.3,100.1117,4.5645,0,
USA,2007-01,4.6,2.075643,17.36,1416.6,1441.61,1403.97,1438.24,99.7226,4.75952381,0,
USA,2007-02,4.5,2.415199,17.49,1445.94,1461.57,1389.42,1406.82,100.6919,4.722631579,0,
USA,2007-03,4.4,2.778779,16.92,1403.17,1438.89,1363.98,1420.86,100.8857,4.564545455,0,
USA,2007-04,4.5,2.573697,17.48,1424.55,1498.02,1416.37,1482.37,101.5777,4.693809524,0,
USA,2007-05,4.4,2.690864,17.92,1486.3,1535.56,1476.7,1530.62,101.6481,4.746363636,0,
USA,2007-06,4.6,2.687038,17.83,1536.34,1540.56,1484.18,1503.35,101.6741,5.102857143,0,
USA,2007-07,4.7,2.358231,18.36,1519.43,1555.9,1454.22,1455.27,101.5627,5.004285714,0,
USA,2007-08,4.6,1.970083,18.02,1465.81,1503.41,1370.6,1473.99,101.7751,4.674782609,0,
USA,2007-09,4.7,2.755052,19.05,1489.42,1538.74,1439.29,1526.75,102.0279,4.521578947,0,
USA,2007-10,4.7,3.536175,20.68,1547.04,1576.09,1489.56,1549.38,101.7289,4.527727273,0,
USA,2007-11,4.7,4.306203,20.81,1508.44,1545.79,1406.1,1481.14,102.3185,4.1485,1,
USA,2007-12,5,4.081269,22.35,1472.42,1523.57,1435.65,1468.36,102.3074,4.0975,1,
USA,2008-01,5,4.280294,21.46,1447.16,1471.77,1270.05,1378.55,102.1686,3.744285714,1,
USA,2008-02,4.9,4.026556,21.74,1381.72,1396.02,1316.75,1330.63,101.7673,3.7375,1,
USA,2008-03,5.1,3.981456,21.81,1329.68,1359.68,1256.98,1322.7,101.3986,3.51,1,
USA,2008-04,5,3.93689,23.88,1340.94,1404.57,1324.35,1385.59,100.7238,3.675,1,
USA,2008-05,5.4,4.175543,25.81,1384.23,1440.24,1373.07,1400.38,100.1399,3.88,1,
USA,2008-06,5.6,5.02179,26.11,1395.74,1404.05,1272,1280,99.9141,4.09952381,1,
USA,2008-07,5.8,5.600123,25.37,1266.79,1292.17,1200.44,1267.38,99.4943,4.007727273,1,
USA,2008-08,6.1,5.371855,26.83,1270.52,1313.15,1247.45,1282.83,97.9367,3.885714286,1,
USA,2008-09,6.1,4.936927,26.48,1298.33,1303.04,1106.39,1166.36,93.6585,3.686190476,1,
USA,2008-10,6.5,3.655186,27.22,1154.7,1167.03,839.8,968.75,94.5845,3.814090909,1,
USA,2008-11,6.8,1.069575,34.99,968.24,1007.51,741.02,896.24,93.3455,3.526666667,1,
USA,2008-12,7.3,0.0914129,58.98,870.24,918.85,815.69,903.25,90.7183,2.416363636,1,
USA,2009-01,7.8,0.0298465,70.91,904.61,943.85,804.3,825.88,88.4683,2.5175,1,
USA,2009-02,8.3,0.2361911,84.46,815.11,875.01,734.52,735.09,87.936,2.87,1,
USA,2009-03,8.7,-0.3835562,110.37,719.75,832.98,666.79,797.87,86.5503,2.819545455,0,
USA,2009-04,9,-0.7368857,119.85,785.01,888.7,783.32,872.81,85.8598,2.927142857,0,
USA,2009-05,9.4,-1.281436,123.73,873,930.17,866.1,919.14,84.9991,3.293,0,
USA,2009-06,9.5,-1.426776,123.32,932.42,956.23,888.86,919.32,84.7277,3.721818182,0,
USA,2009-07,9.5,-2.097161,101.87,925.03,996.68,869.32,987.48,85.7091,3.562272727,0,
USA,2009-08,9.6,-1.484349,92.95,998.22,1039.47,978.51,1020.62,86.6333,3.587142857,0,
USA,2009-09,9.8,-1.286206,83.3,1015.88,1080.15,991.97,1057.08,87.3615,3.401904762,0,
USA,2009-10,10,-0.1828483,42.12,1052.8,1101.36,1019.95,1036.19,87.5488,3.387619048,0,
USA,2009-11,9.9,1.838296,28.51,1040.8,1113.69,1029.38,1095.63,87.9144,3.402631579,0,
USA,2009-12,9.9,2.721331,21.78,1098.89,1130.38,1085.89,1115.1,88.2318,3.59,0,
USA,2010-01,9.8,2.625709,20.7,1116.56,1150.45,1071.59,1073.87,89.1936,3.733157895,0,
USA,2010-02,9.8,2.143332,18.91,1073.89,1112.42,1044.5,1104.49,89.5089,3.691052632,0,
USA,2010-03,9.9,2.313959,18.91,1105.36,1180.69,1105.36,1169.43,90.1449,3.727391304,0,
USA,2010-04,9.9,2.236447,19.01,1171.23,1218.8,1170.69,1186.69,90.474,3.846818182,0,
USA,2010-05,9.6,2.020986,17.3,1188.58,1205.13,1040.78,1089.41,91.7131,3.42,1,
USA,2010-06,9.4,1.053349,16.15,1087.3,1131.23,1028.33,1030.71,91.9287,3.204090909,1,
USA,2010-07,9.4,1.235193,15.72,1031.1,1120.95,1010.91,1101.6,92.2737,3.011428571,0,
USA,2010-08,9.5,1.148105,15.47,1107.53,1129.24,1039.7,1049.33,92.615,2.698636364,0,
USA,2010-09,9.5,1.143683,15.61,1049.72,1157.16,1049.72,1141.2,92.8668,2.647619048,0,
USA,2010-10,9.4,1.172188,15.9,1143.49,1196.14,1131.87,1183.26,92.6138,2.54,0,
USA,2010-11,9.8,1.143161,15.88,1185.71,1227.08,1173,1180.55,92.6772,2.763,0,
USA,2010-12,9.3,1.495723,16.05,1186.6,1262.6,1186.6,1257.64,93.5741,3.290909091,0,
USA,2011-01,9.1,1.631847,16.3,1257.62,1302.67,1257.62,1286.12,93.3793,3.394,0,
USA,2011-02,9,2.107585,16.52,1289.14,1344.07,1289.14,1327.22,93.0051,3.576315789,0,
USA,2011-03,9,2.681603,16.04,1328.64,1332.28,1249.05,1325.83,93.978,3.414347826,0,
USA,2011-04,9.1,3.163631,16.21,1329.48,1364.56,1294.7,1363.61,93.6525,3.455,0,
USA,2011-05,9,3.568646,16.12,1365.21,1370.58,1311.8,1345.2,93.7878,3.168571429,1,
USA,2011-06,9.1,3.558828,15.35,1345.2,1345.2,1258.07,1320.64,94.0378,3.002272727,1,
USA,2011-07,9,3.628716,15.61,1320.64,1356.48,1282.86,1292.28,94.5146,3.003,1,
USA,2011-08,9,3.771208,13.79,1292.59,1307.38,1101.54,1218.89,95.1263,2.303043478,1,
USA,2011-09,9,3.868357,13.5,1219.12,1229.29,1114.22,1131.42,95.0732,1.975238095,1,
USA,2011-10,8.8,3.5252,13.88,1131.21,1292.66,1074.77,1253.3,95.7291,2.152,0,
USA,2011-11,8.6,3.394378,14.1,1251,1277.55,1158.66,1246.96,95.7455,2.0135,0,
USA,2011-12,8.5,2.962419,14.3,1246.91,1269.37,1202.37,1257.6,96.2147,1.978095238,0,
USA,2012-01,8.3,2.925217,14.87,1258.86,1333.47,1258.86,1312.41,96.8051,1.9665,0,
USA,2012-02,8.3,2.871099,15.37,1312.45,1378.04,1312.45,1365.68,97.1033,1.9675,0,
USA,2012-03,8.2,2.651398,15.69,1365.9,1419.15,1340.03,1408.47,96.5973,2.172727273,0,
USA,2012-04,8.2,2.30274,15.7,1408.47,1422.38,1357.38,1397.91,97.3006,2.052857143,0,
USA,2012-05,8.2,1.704254,15.22,1397.86,1415.32,1291.98,1310.33,97.5046,1.803181818,0,
USA,2012-06,8.2,1.663994,15.05,1309.87,1363.46,1266.74,1362.16,97.4903,1.622380952,0,
USA,2012-07,8.2,1.408451,15.55,1362.33,1391.74,1325.41,1379.32,97.7234,1.526666667,0,
USA,2012-08,8.1,1.692379,16.14,1379.32,1426.68,1354.65,1406.58,97.313,1.67826087,0,
USA,2012-09,7.8,1.991282,16.69,1406.54,1474.51,1396.56,1440.67,97.2405,1.723157895,0,
USA,2012-10,7.8,2.162344,16.62,1440.9,1470.96,1403.28,1412.16,97.561,1.746190476,0,
USA,2012-11,7.7,1.764134,16.12,1410.99,1434.27,1343.35,1416.18,97.9589,1.654,0,
USA,2012-12,7.9,1.741022,16.44,1416.34,1448,1398.11,1426.19,98.2061,1.719,0,
USA,2013-01,8,1.594865,17.03,1426.19,1509.94,1426.19,1498.11,98.199,1.914761905,0,
USA,2013-02,7.7,1.977924,17.32,1498.11,1530.94,1485.01,1514.68,98.6835,1.984210526,0,
USA,2013-03,7.5,1.473896,17.68,1514.68,1570.28,1501.48,1569.19,99.0994,1.9575,0,
USA,2013-04,7.6,1.063085,17.69,1569.18,1597.57,1536.03,1597.57,98.9898,1.759090909,0,
USA,2013-05,7.5,1.361965,18.25,1597.55,1687.18,1581.28,1630.74,99.0782,1.928181818,0,
USA,2013-06,7.5,1.754417,17.8,1631.71,1654.19,1560.33,1606.28,99.2141,2.3,0,
USA,2013-07,7.3,1.960682,18.12,1609.78,1698.78,1604.57,1685.73,98.9132,2.582272727,0,
USA,2013-08,7.2,1.518368,17.91,1689.42,1709.67,1627.47,1632.97,99.4891,2.737272727,0,
USA,2013-09,7.2,1.184925,17.88,1635.95,1729.86,1633.41,1681.55,100.0172,2.8095,0,
USA,2013-10,7.2,0.9636127,17.86,1682.41,1775.22,1646.47,1756.54,99.9038,2.615909091,0,
USA,2013-11,6.9,1.237072,18.15,1758.7,1813.55,1746.2,1805.81,100.1479,2.718421053,0,
USA,2013-12,6.7,1.501736,18.04,1806.55,1849.44,1767.99,1848.36,100.3576,2.901904762,0,
USA,2014-01,6.6,1.578947,18.15,1845.86,1850.84,1770.45,1782.59,99.9828,2.858095238,0,
USA,2014-02,6.7,1.126349,18.06,1782.68,1867.92,1737.92,1859.45,100.7485,2.709473684,0,
USA,2014-03,6.7,1.512203,18.48,1857.68,1883.97,1834.44,1872.34,101.7391,2.723333333,0,
USA,2014-04,6.2,1.952858,18.35,1873.96,1897.28,1814.36,1883.95,101.8023,2.705238095,0,
USA,2014-05,6.3,2.127111,18.46,1884.39,1924.03,1859.79,1923.57,102.2116,2.559047619,0,
USA,2014-06,6.1,2.072341,18.88,1923.87,1968.17,1915.98,1960.23,102.5637,2.598571429,0,
USA,2014-07,6.2,1.992329,18.96,1962.29,1991.39,1930.67,1930.67,102.8425,2.542272727,0,
USA,2014-08,6.1,1.699611,18.68,1929.8,2005.04,1904.78,2003.37,102.6499,2.42,0,
USA,2014-09,5.9,1.657919,18.81,2004.07,2019.26,1964.04,1972.29,102.9647,2.534285714,0,
USA,2014-10,5.7,1.66434,18.5,1971.44,2018.19,1820.66,2018.05,102.9704,2.304090909,0,
USA,2014-11,5.8,1.322355,19.75,2018.21,2075.76,2001.01,2067.56,103.6017,2.325555556,0,
USA,2014-12,5.6,0.7564933,20.08,2065.78,2093.55,1972.56,2058.9,103.592,2.207272727,0,
USA,2015-01,5.7,-0.08934832,20.02,2058.9,2072.36,1988.12,1994.99,102.798,1.8815,0,
USA,2015-02,5.5,-0.0251298,20.77,1996.67,2119.59,1980.9,2104.5,102.1554,1.975263158,0,
USA,2015-03,5.4,-0.07363739,20.96,2105.23,2117.52,2039.69,2067.89,101.8077,2.042727273,0,
USA,2015-04,5.4,-0.1995174,21.42,2067.63,2125.92,2048.38,2085.51,101.2285,1.935,0,
USA,2015-05,5.6,-0.03993275,21.92,2087.38,2134.72,2067.93,2107.39,100.7536,2.1975,0,
USA,2015-06,5.3,0.1237712,22.12,2108.64,2129.87,2056.32,2063.11,100.4529,2.363636364,0,
USA,2015-07,5.2,0.1695698,22.4,2067,2132.82,2044.02,2103.84,101.11,2.324545455,0,
USA,2015-08,5.1,0.1950793,22.15,2104.49,2112.66,1867.01,1972.18,100.8802,2.167142857,1,
USA,2015-09,5,-0.03612975,21.45,1970.09,2020.86,1871.91,1920.03,100.608,2.172857143,1,
USA,2015-10,5,0.1705744,22.68,1919.65,2094.32,1893.7,2079.36,100.151,2.07,0,
USA,2015-11,5.1,0.5017976,23.67,2080.76,2116.48,2019.39,2080.41,99.3817,2.263157895,1,
USA,2015-12,5,0.7295198,23.74,2082.93,2104.27,1993.26,2043.94,98.8572,2.242727273,1,
USA,2016-01,4.8,1.373087,22.18,2038.2,2038.2,1812.29,1940.24,99.4086,2.085263158,1,
USA,2016-02,4.9,1.0178,22.02,1936.94,1962.96,1810.1,1932.23,98.8946,1.7795,0,
USA,2016-03,5,0.8525362,23.39,1937.09,2072.21,1937.09,2059.74,98.1385,1.889090909,0,
USA,2016-04,5.1,1.12511,23.97,2056.62,2111.05,2033.8,2065.3,98.4364,1.805238095,0,
USA,2016-05,4.8,1.019323,23.81,2067.17,2103.48,2025.91,2096.96,98.2096,1.806190476,0,
USA,2016-06,4.9,0.9973265,23.97,2093.94,2120.55,1991.68,2098.86,98.6766,1.644090909,0,
USA,2016-07,4.8,0.8271388,24.52,2099.34,2177.09,2074.02,2173.6,98.8371,1.504,0,
USA,2016-08,4.9,1.062875,24.57,2173.15,2193.81,2147.58,2170.95,98.7302,1.556521739,0,
USA,2016-09,5,1.463784,24.22,2171.33,2187.87,2119.12,2168.27,98.6287,1.63047619,0,
USA,2016-10,4.9,1.635988,23.57,2164.33,2169.6,2114.74,2126.15,98.7126,1.7645,0,
USA,2016-11,4.7,1.692537,23.35,2128.68,2214.1,2083.79,2198.81,98.3004,2.142,0,
USA,2016-12,4.7,2.074622,23.76,2200.17,2277.53,2187.44,2238.83,98.9063,2.491904762,0,
USA,2017-01,4.7,2.500042,23.59,2251.57,2300.99,2245.13,2278.87,98.7349,2.4325,0,
USA,2017-02,4.6,2.737958,23.68,2285.59,2371.54,2271.65,2363.64,98.4178,2.418947368,0,
USA,2017-03,4.4,2.380612,23.6,2380.13,2400.98,2322.25,2362.72,99.0726,2.48173913,0,
USA,2017-04,4.4,2.19969,23.24,2362.34,2398.16,2328.95,2384.2,100.0545,2.297368421,0,
USA,2017-05,4.4,1.874878,23.31,2388.5,2418.71,2352.72,2411.8,100.139,2.303636364,0,
USA,2017-06,4.3,1.633488,23.4,2415.65,2453.82,2405.7,2423.41,100.3148,2.186818182,0,
USA,2017-07,4.3,1.727978,23.36,2431.39,2484.04,2407.7,2470.3,100.1418,2.318,0,
USA,2017-08,4.4,1.938974,23.16,2477.1,2490.87,2417.35,2471.65,99.6878,2.209130435,0,
USA,2017-09,4.3,2.232964,23.28,2474.42,2519.44,2446.55,2519.36,99.7829,2.202,0,
USA,2017-10,4.2,2.041129,23.67,2521.2,2582.98,2520.4,2575.26,101.0401,2.36,0,
USA,2017-11,4.2,2.202583,23.81,2583.21,2657.74,2557.45,2647.58,101.226,2.353333333,0,
USA,2017-12,4.1,2.109082,24.25,2645.1,2694.97,2605.52,2673.61,101.3878,2.4025,0,
USA,2018-01,4,2.070508,24.97,2683.73,2872.87,2682.36,2823.81,101.345,2.583809524,0,
USA,2018-02,4.1,2.211795,23.82,2816.45,2835.96,2532.69,2713.83,101.7068,2.858947368,0,
USA,2018-03,4,2.359711,23.41,2715.22,2801.9,2585.89,2640.87,102.2785,2.842380952,0,
USA,2018-04,4,2.462744,22.53,2633.45,2717.49,2553.8,2648.05,103.434,2.869047619,0,
USA,2018-05,3.8,2.801012,22.49,2643.64,2742.24,2594.62,2705.27,102.4735,2.977727273,0,
USA,2018-06,4,2.871548,22.49,2718.7,2791.47,2691.99,2718.37,103.2508,2.912380952,0,
USA,2018-07,3.8,2.949515,22.33,2704.95,2848.03,2698.95,2816.29,103.4588,2.889047619,0,
USA,2018-08,3.8,2.69918,22.37,2821.17,2916.5,2796.34,2901.52,104.1802,2.889130435,0,
USA,2018-09,3.7,2.276972,22.25,2896.96,2940.91,2864.12,2913.98,104.1665,3.004210526,0,
USA,2018-10,3.8,2.52247,21.25,2926.29,2939.86,2603.54,2711.74,104.0476,3.152272727,1,
USA,2018-11,3.8,2.176601,20.67,2717.58,2815.15,2631.09,2760.17,103.9603,3.117,1,
USA,2018-12,3.9,1.910159,19.39,2790.5,2800.18,2346.58,2506.85,103.869,2.832631579,1,
USA,2019-01,4,1.551235,19.6,2476.96,2708.95,2443.96,2704.1,103.2684,2.713809524,0,
USA,2019-02,3.8,1.520135,20.6,2702.32,2813.49,2681.83,2784.49,102.8157,2.676315789,0,
USA,2019-03,3.8,1.862523,20.86,2798.22,2860.31,2722.27,2834.4,102.9,2.570952381,0,
USA,2019-04,3.6,1.99644,21.56,2848.63,2949.52,2848.63,2945.83,102.3826,2.532380952,0,
USA,2019-05,3.6,1.790228,21.15,2952.33,2954.13,2750.52,2752.06,102.5756,2.395,0,
USA,2019-06,3.6,1.648485,21.37,2751.53,2964.15,2728.81,2941.76,102.5928,2.074,0,
USA,2019-07,3.7,1.811465,22.28,2971.41,3027.98,2952.22,2980.38,102.2012,2.059090909,0,
USA,2019-08,3.7,1.74978,21.67,2980.32,3013.59,2822.12,2926.46,102.9086,1.626363636,0,
USA,2019-09,3.5,1.711305,22.44,2909.01,3021.99,2891.85,2976.74,102.579,1.6995,0,
USA,2019-10,3.6,1.764043,22.04,2983.69,3050.1,2855.94,3037.56,101.7775,1.706818182,0,
USA,2019-11,3.6,2.051278,22.62,3050.72,3154.26,3050.72,3140.98,102.0979,1.812105263,0,
USA,2019-12,3.6,2.28513,22.78,3143.85,3247.93,3070.33,3230.78,101.7632,1.862857143,0,
USA,2020-01,3.5,2.486572,24.88,3244.67,3337.77,3214.64,3225.52,101.303,1.757619048,1,
USA,2020-02,3.5,2.334874,26.42,3235.66,3393.52,2855.84,2954.22,101.7038,1.504210526,1,
USA,2020-03,4.4,1.539327,22.8,2974.28,3136.72,2191.86,2584.59,97.8746,0.87,1,
USA,2020-04,14.7,0.3290967,24.97,2498.08,2954.86,2447.49,2912.43,84.959,0.6576190476,0,
USA,2020-05,13.2,0.1179264,27.82,2869.09,3068.67,2766.64,3044.31,86.3345,0.674,0,
USA,2020-06,11,0.6457331,31.29,3038.78,3233.13,2965.66,3100.29,91.7523,0.7286363636,0,
USA,2020-07,10.2,0.9860818,32.44,3105.92,3279.99,3101.17,3271.12,95.2439,0.6236363636,0,
USA,2020-08,8.4,1.309645,34.41,3288.26,3514.77,3284.53,3500.31,96.1173,0.65,0,
USA,2020-09,7.9,1.371325,34.27,3507.44,3588.11,3209.45,3363,96.0711,0.6795238095,0,
USA,2020-10,6.9,1.182066,35.3,3385.87,3549.85,3233.94,3269.96,96.825,0.7871428571,0,
USA,2020-11,6.7,1.174536,37.16,3296.2,3645.99,3279.74,3621.63,97.1183,0.87,0,
USA,2020-12,6.7,1.362005,39.26,3645.87,3760.2,3633.4,3756.07,98.138,0.9336363636,0,
USA,2021-01,6.4,1.39977,35.96,3764.61,3870.9,3662.71,3714.24,99.2645,1.081052632,0,
USA,2021-02,6.2,1.676215,33.24,3731.17,3950.43,3725.62,3811.15,96.2231,1.257894737,0,
USA,2021-03,6,2.619762,30.5,3842.51,3994.41,3723.34,3972.89,98.8621,1.610869565,0,
USA,2021-04,6,4.159695,29.92,3992.78,4218.78,3992.78,4181.17,99.0246,1.635,0,
USA,2021-05,5.8,4.992707,28.05,4191.98,4238.04,4056.88,4204.11,99.7785,1.621,0,
USA,2021-06,5.9,5.391451,26.7,4216.52,4302.43,4164.4,4297.5,100.1923,1.519090909,0,
USA,2021-07,5.4,5.365475,26.56,4300.73,4429.97,4233.13,4395.26,100.8724,1.318571429,0,
USA,2021-08,5.2,5.251272,26.23,4406.86,4537.36,4367.73,4522.68,100.837,1.283181818,0,
USA,2021-09,4.7,5.390349,24.39,4528.8,4545.85,4305.91,4307.54,99.8498,1.374761905,0,
USA,2021-10,4.6,6.221869,24.52,4317.16,4608.08,4278.94,4605.38,101.3602,1.5825,0,
USA,2021-11,4.2,6.809003,23.63,4610.62,4743.83,4560,4567,101.961,1.5595,0,
USA,2021-12,3.9,7.036403,23.11,4602.82,4808.93,4495.12,4766.18,101.7587,1.465,0,
USA,2022-01,4,,22.42,4778.14,4818.62,4222.62,4515.55,102.146,1.764,1,
USA,2022-02,3.8,,22.19,4519.57,4595.31,4114.65,4373.94,102.8987,1.934210526,1,
USA,2022-03,3.6,,22.19,4363.14,4637.3,4157.87,4530.41,103.5717,2.127826087,1,
USA,2022-04,3.6,,20.42,4540.32,4593.45,4124.28,4131.93,104.2577,2.7475,1,
USA,2022-05,3.6,,19.7,4130.61,4307.66,3810.32,4132.15,104.1868,2.898095238,1,
USA,2022-06,3.6,,19.77,4149.78,4177.51,3636.87,3785.38,104.1778,3.143333333,1,
USA,2022-07,3.5,,21.01,3781.08,4140.15,3721.56,4130.29,104.7189,2.896,1,
USA,2022-08,3.7,,19.94,4112.38,4325.28,3954.53,3955,104.5464,2.897826087,1,